Model,ASIN,Available in BF/CM Sheet,Link,Model Name,9/12/2022,9/13/2022,9/14/2022,9/15/2022
LP-PWRFLWX-BLK,B09PXRG3TH,,www.amazon.com/dp/B09PXRG3TH,Powerflow X Adjustable Dumbbell Set 55lbs,$10.00,$10.00,$10.00,OOS
LP-SNCPRO-RED,B09P8213FH,,www.amazon.com/dp/B09P8213FH,LifePro Sonic Pro Percussion Massage Gun - Red,$50.00,$50.00,$50.00,$50.00
LP-SNCPRO-BLK,B09P82X4YY,,www.amazon.com/dp/B09P82X4YY,LifePro Sonic Pro Percussion Massage Gun - Black,$30.00,$30.00,$30.00,$30.00
LP-ALVRDP-BLK,B09P4VPCNF,,www.amazon.com/dp/B09P4VPCNF,AllevaRed Pro Light Therapy Belt Black ,$20.00,$20.00,$20.00,$20.00
LP-SNCPRO-SLV,B09P841G21,,www.amazon.com/dp/B09P841G21,LifePro Sonic Pro Percussion Massage Gun - Silver,$50.00,$50.00,$50.00,$50.00
LP-RLXTXNB-BLK,B09XRHKHQM,Available,www.amazon.com/dp/B09XRHKHQM,Relaxatilt X Black - New,NO Coupon,5%,5%,5%
LP-VBRCP-WHT,B09P8SS946,,www.amazon.com/dp/B09P8SS946,VibraCare Plus Foot Massager - White,$50.00,$50.00,$50.00,$50.00
LP-PWRUPPRON-GRY,B09P1TJLNQ,Available,www.amazon.com/dp/B09P1TJLNQ,"PowerUp Pro Dumbbell Grey",NO Coupon,NO Coupon,NO Coupon,NO Coupon
LP-PWRUPPR-GRY,B09VM2T16S,,www.amazon.com/dp/B09VM2T16S,"PowerUp Pro Dumbbell Grey",NO Coupon,NO Coupon,NO Coupon,NO Coupon
LP-PWRFLW1B-BLK,B09DTLQKF9,,www.amazon.com/dp/B09DTLQKF9,LP-PWRFLW1B-BLK,7 days,7 days,7 days+ 10$,7 days+ 10$
LP-RVEN-BLK,B09M1268P7,Available,www.amazon.com/dp/B09M1268P7,Rove Elliptical Machine - New,NO Coupon,NO Coupon,NO Coupon,NO Coupon
LP-LGRPLS-BLK,B08VCVJLZM,Available,www.amazon.com/dp/B08VCVJLZM,Legra Plus Hand Massager Black,$15.00,$15.00,$15.00,$15.00
LP-LMCRN-SLV,B09SDLW73K,Available,www.amazon.com/dp/B09SDLW73K,LifePro Lumi Cure Red Light Therapy Device,$5.00,$5.00,$5.00,$5.00
LP-FLXSTPLS-BLU,B08HPPBPLT,Available,www.amazon.com/dp/B08HPPBPLT,FlexStride Under Desk Elliptical,$10.00,$10.00,$10.00,$10.00
LP-OCLX-BLU,B08HJYSL3Q,Available,www.amazon.com/dp/B08HJYSL3Q,Oculax Smart Eye Massager,$10.00,$10.00,$10.00,$10.00
LP-OCLX-GRY,B092DTP69D,,www.amazon.com/dp/B092DTP69D,Oculax Smart Eye Massager Gray,$10.00,$10.00,$10.00,$10.00
LP-PWRFLWPLS1-BLK,B08QVK9B49,,www.amazon.com/dp/B08QVK9B49,PowerFlow Plus 1 pc,7 days,7 days + $5.00,7 days + $5.00,7 days + $5.00
LP-SNC-BLK,B082DK1435,,www.amazon.com/dp/B082DK1435,Sonic Handheld Percussion Massage Gun Black,$20.00,$20.00,$20.00,$20.00
LP-SNC-RED,B082DK316V,,www.amazon.com/dp/B082DK316V,Sonic Handheld Percussion Massage Gun Red,$10.00,$10.00,$10.00,$10.00
LP-SNC-SLV,B082DL1ZGJ,,www.amazon.com/dp/B082DL1ZGJ,Sonic Handheld Percussion Massage Gun Silver,$20.00,$20.00,$20.00,$20.00
LP-THRVPR,B08RNKTFXY,Available,www.amazon.com/dp/B08RNKTFXY,Radiate Pro Compression Sleeve (formerly Thrive Pro),$10.00,$10.00,$10.00,$10.00
LP-WVRM-BLK,B085WB14JW,,www.amazon.com/dp/B085WB14JW,Waver Mini Vibration Plate Black,$15.00,$15.00,$15.00,$15.00
LP-WVRM-BLU,B084VTNH1S,Available,www.amazon.com/dp/B084VTNH1S,Waver Mini Vibration Plate Blue,$10.00,$10.00,$10.00,$10.00
LP-PWRFLWPLS2B-BLK,B09BK7PTGN,Available,www.amazon.com/dp/B09BK7PTGN,LifePro Adjustable Dumbbell Set,$10.00,$10.00,$10.00,$10.00
LP-HBBT-GRY,B091J86F2H,,www.amazon.com/dp/B091J86F2H,Horizon Balance Ball Trainer Gray,$20.00,$20.00,$20.00,$20.00
LP-WVRM-WHT,B089X9QFP1,,www.amazon.com/dp/B089X9QFP1,Waver Mini Vibration Plate White,$20.00,$20.00,$20.00,$20.00
LP-AGT-BLK,B07PW9BDMH,Available,www.amazon.com/dp/B07PW9BDMH,Agility 4-Speed Vibrating Massage Ball Black,$20.00,$20.00,$20.00,$20.00
LP-AXS2-BLK,B09D3Y4HBY,Available,www.amazon.com/dp/B09D3Y4HBY,Sequential Compression Device,$30.00,$30.00,$30.00,NO Coupon
LP-CRFST-BLU,B093TSQ72P,Available,www.amazon.com/dp/B093TSQ72P,CryoFrost Compression System Blue, Detail page removed, Detail page removed, Detail page removed, Detail page removed
LP-FLXCPLS-BLU,B088W7WTZN,Available,www.amazon.com/dp/B088W7WTZN,FlexCycle Exercise Bike Blue - OLD will not use ,$15.00,$15.00,$15.00,$15.00
LP-FLXCPLS-GRY,B08C4VVN9F,,www.amazon.com/dp/B08C4VVN9F,FlexCycle Exercise Bike Gray - OLD will not use ,$15.00,$15.00,$15.00,$15.00
LP-HBBT-BLU,B091JBHKSF,Available,www.amazon.com/dp/B091JBHKSF,Horizon Balance Ball Trainer Blue,7 days,7 days,7 days,7 days
LP-RYM-BLK,B07TCCYXSS,Available,www.amazon.com/dp/B07TCCYXSS,Rhythm Vibration Platform Black - OLD,7 days,OOS,$20.00,$20.00
LP-SNC-BLU,B07QTBVYJ1,Available,www.amazon.com/dp/B07QTBVYJ1,Sonic Handheld Percussion Massage Gun With Case,$20.00,$20.00,$20.00,$20.00
LP-SWRL-BLU,B093TQXQVC,Available,www.amazon.com/dp/B093TQXQVC,Swirl Yoga Wheels Blue,$20.00,$20.00,$20.00,$20.00
LP-TRB-BLK,B07P5J12YC,,www.amazon.com/dp/B07P5J12YC,Turbo 3D Vibration Plate Black,$40.00,$40.00,$40.00,$40.00
LP-VLC2-BLK,B07PVD6T8V,,www.amazon.com/dp/B07PVD6T8V,Velocity Vibrating Ball 2.0 Black,$25.00,$25.00,$25.00,$25.00
 ,B09CLM44TM,Available,www.amazon.com/dp/B09CLM44TM,Allevered Therapy Belt,$10.00,$10.00,$10.00,$10.00
LP-ALVRD-BLK,B09CLM44TM,Available,www.amazon.com/dp/B09CLM44TM,AllevaRed Light Therapy Belt Black (old),$10.00,$10.00,$10.00,$10.00
LP-SWFT-BLK,B08SMM8XCJ,Available,www.amazon.com/dp/B08SMM8XCJ,Swift Treadmill ,$25.00,$25.00,$25.00,$25.00
LP-VBRCAR-BLU,B08MB38PGC,Available,www.amazon.com/dp/B08MB38PGC,VibraCare Foot Massager ,7 days,7 days,7 days,7 days
LP-DYNM-BLK,B088D8QY1N,Available,www.amazon.com/dp/B088D8QY1N,DynaMini Portable Percussion Muscle Massager Gun Black,$25.00,$25.00,$25.00,$25.00
LP-HVT-BLK,B07ZN7PLK6,,www.amazon.com/dp/B07ZN7PLK6,Hovert 3D Vibration Plate Black,$60.00,$60.00,$60.00,$60.00
LP-HVT-BLU,B07RLNHPZ9,Available,www.amazon.com/dp/B07RLNHPZ9,Hovert 3D Vibration Plate Blue,$60.00,$60.00,$60.00,$60.00
LP-PWRFLW2N-BLK,B09PHTGZ2H,Available,www.amazon.com/dp/B09PHTGZ2H,PowerFlow 2 pcs NEW,OOS,OOS,OOS,OOS
LP-PWRUP-BLK,B08J2L498P,Available,www.amazon.com/dp/B08J2L498P,PowerUp Dumbbells Black,$30.00,$30.00,$30.00,$30.00
LP-SNCM1-BLK,B08SWLH4MB,Available,www.amazon.com/dp/B08SWLH4MB,Sonic M1 Massage Gun Black,$30.00,$30.00,$30.00,$30.00
LP-SNCPRO-BLU,B08K1C4KP1,Available,www.amazon.com/dp/B08K1C4KP1,LifePro Sonic Pro Percussion Massage Gun - Blue,$30.00,$30.00,$30.00,$30.00
LP-SRG-BLK,B07BNRKXZ6,Available,www.amazon.com/dp/B07BNRKXZ6,Surger 4-Speed Vibrating Foam Roller Black,$25.00,$25.00,$25.00,$25.00
LP-TRB-BLU,B07M62BNQL,Available,www.amazon.com/dp/B07M62BNQL,Turbo 3D Vibration Plate Blue,$40.00,$40.00,$40.00,$40.00
LP-INFTBX-BLK,B093TR8SLC,Available,www.amazon.com/dp/B093TR8SLC,InfinityBox Workout Set,$30.00,$30.00,$30.00,$30.00
LP-PWRFLWP-BLK,B097TSJ3KD,Available,www.amazon.com/dp/B097TSJ3KD,PowerFlow Pro Dumbbell,OOS,OOS,OOS,OOS
LP-PWRNRN-BLU,B09M36RXMV,Available,www.amazon.com/dp/B09M36RXMV,PawRunner Pet Treadmill,$35.00,$35.00,$35.00,$35.00
LP-TRB-WHT,B07P5HS14V,,www.amazon.com/dp/B07P5HS14V,Turbo 3D Vibration Plate White,$15.00,$15.00,$15.00,$15.00
PawRunner Pet Treadmill,B09M36RXMV,Available,www.amazon.com/dp/B09M36RXMV,PawRunner Pet Treadmill,$35.00,$35.00,$35.00,$35.00
LP-BIOHL-BLK,B09TWLZM9P,Available,www.amazon.com/dp/B09TWLZM9P,Bioheal Infrared Light Therapy Device,$30.00,$30.00,$30.00,$30.00
LP-DASHX-BLU,B09M8W5PLZ,Available,www.amazon.com/dp/B09M8W5PLZ,Dash X Bike Blue ,7 days,7 days,7 days,7 days
LP-INFTBXPL-BLK,B093TS1GQP,,www.amazon.com/dp/B093TS1GQP,InfinityBox Plus Workout Set,$35.00,$35.00,$35.00,$35.00
LP-PWRFLWPLS2-BLK,B08QTGV9BW,Available,www.amazon.com/dp/B08QTGV9BW,PowerFlow Plus 2 pcs - OLD,7 days,7 days + 10$,7 days + 10$,7 days + 10$
LP-SNCPLS-BLU,B0891SK2QH,Available,www.amazon.com/dp/B0891SK2QH,Sonic Plus Blue,$40.00,$40.00,$40.00,$40.00
B09VTBB3N1,B08DTJ2WQ4,,www.amazon.com/dp/B08DTJ2WQ4,Rumblex Max Black,$50.00,$50.00,$50.00,$50.00
LP-RMXMAX-BLU,B08D8F47XM,Available,www.amazon.com/dp/B08D8F47XM,Rumblex Max Blue ,$60.00,$60.00,$60.00,$60.00
LP-SNCX-BLU,B07V4G58H1,Available,www.amazon.com/dp/B07V4G58H1,Sonic X Personal Percussion Massage Gun Blue,$40.00,$40.00,$40.00,$40.00
P-RLXTXN-BLKN,B08RP7W7ZS,Available,www.amazon.com/dp/B08RP7W7ZS,RelaxaTilt X Foot Massager Blue ,OOS,OOS,OOS,OOS
LP-RMX-BLK,B07ZN7K2M7,,www.amazon.com/dp/B07ZN7K2M7,Rumblex 4D Vibration Plate Black,25.00$,25.00$,25.00$,25.00$
LP-RMX-BLU,B07QJ2K219,Available,www.amazon.com/dp/B07QJ2K219,Rumblex 4D Vibration Plate Blue,70.00$,70.00$,70.00$,70.00$
LP-RMXPLS-BLK,B085WBB48B,Available,www.amazon.com/dp/B085WBB48B,Rumblex Plus Vibration Plate Black,$50.00,$50.00,$50.00,$50.00
LP-RMXPLS-BLU,B084KZ4J6N,,www.amazon.com/dp/B084KZ4J6N,Rumblex Plus Vibration Plate Blue,$50.00,$50.00,$50.00,$50.00
LP-SNCUPLX-BLK,B08Q44SMZZ,Available,www.amazon.com/dp/B08Q44SMZZ,Sonic LX Massage Gun Black,7 days,NO Coupon,$50.00,$50.00
LP-SNCUPLX-BLU,B08Q3KF6N6,,www.amazon.com/dp/B08Q3KF6N6,Sonic LX Massage Gun Blue,7 days,7 days,7 days,7 days
LP-SNCLX-RED,B08Q2TY4R9,,www.amazon.com/dp/B08Q2TY4R9,Sonic LX Massage Gun Red,7 days,7 days,7 days,7 days
LP-VBRCP-BLU,B093VFWFKD,Available,www.amazon.com/dp/B093VFWFKD,VibraCare Plus Foot Massager - Blue,$50.00,$50.00,$50.00,$50.00
,B09PSKN6X3,Available,www.amazon.com/dp/B09PSKN6X3,Rejuvawrap Far Infrared Sauna Blanket,NO Coupon,NO Coupon,NO Coupon,NO Coupon
LP-RLXTX-BLK,B095XLK79S,Available,www.amazon.com/dp/B095XLK79S,RelaxaTilt X Foot Massager Black,10%,10%,10%,10%
LP-MRVX-BLU,B08RP8D9C5,Available,www.amazon.com/dp/B08RP8D9C5,Marvalax Foot Massager ,$40.00,$40.00,$30.00,$30.00
LP-RLXTP-BLU,B093K9WLSW,Available,www.amazon.com/dp/B093K9WLSW,RelaxaTilt Pro Foot Massager ,$30.00,$30.00,$30.00,$30.00
LP-DYNF-BLU,B08SMN6WRB,Available,www.amazon.com/dp/B08SMN6WRB,DynaFlex Massage Gun Blue ,$70.00,$70.00,$70.00,$70.00
LP-FLXSTRDN-BLK,B08XJYLWDK,Available,www.amazon.com/dp/B08XJYLWDK,FlexStride Under Desk Elliptical Black - NEW ASIN,$10.00,$10.00,$10.00,$10.00
LP-RMXPRO-BLK,B0873C7TY1,,www.amazon.com/dp/B0873C7TY1,Rumblex Pro Vibration Plate Black,150.00$,150.00$,$150.00,$150.00
LP-RMXPRO-BLU,B084L1R7D2,Available,www.amazon.com/dp/B084L1R7D2,Rumblex Pro Vibration Plate Blue,150.00$,150.00$,$150.00,$150.00
LP-WVR-BLK,B07P5GV3VX,,www.amazon.com/dp/B07P5GV3VX,Waver Vibration Plate Black,7 days,7 days,7 days,7 days
LP-WVR-BLU,B0794BXVY4,Available,www.amazon.com/dp/B0794BXVY4,Waver Vibration Plate Blue,7 days,7 days,7 days,7 days
LP-WVR-WHT,B07KF1KYWX,,www.amazon.com/dp/B07KF1KYWX,Waver Vibration Plate White,7 days,7 days,7 days,7 days
LP-LGRPLS-WHT,B08VDVBLCN,,www.amazon.com/dp/B08VDVBLCN,Legra Plus Hand Massager White,NO Coupon,NO Coupon,$15.00,$15.00
LP-LGR-BLK,B08CDFLX47,Available,www.amazon.com/dp/B08CDFLX47,Legra Hand Massager Black,7 days,7 days,7 days,7 days
LP-LGR-WHT,B08B3MJ1SQ,,www.amazon.com/dp/B08B3MJ1SQ,Legra Hand Massager White,7 days,7 days,7 days,7 days
LP-THRV,B0897B6Z68,Available,www.amazon.com/dp/B0897B6Z68,Radiate Compression Sleeve (formerly Thrive),NO Coupon,NO Coupon,NO Coupon,NO Coupon
LP-THRVP,B08BHPX73H,Available,www.amazon.com/dp/B08BHPX73H,Radiate Plus Compression Sleeve (formerly ThrivePlus),NO Coupon,NO Coupon,NO Coupon,NO Coupon
LP-THRVXN,B09PMVBMBX,Available,www.amazon.com/dp/B09PMVBMBX,Radiate X New ASIN,NO Coupon,NO Coupon,NO Coupon,NO Coupon
LP-VLCYCN-BLU,B09VJDMHKJ,,www.amazon.com/dp/B09VJDMHKJ,Velocycle New,50.00$,50.00$,50.00$,50.00$
LP-RJVWRB-BLK,B09PSKN6X3,Available,www.amazon.com/dp/B09PSKN6X3,RejuvaWrap Infrared Sauna Blanket,NO Coupon,NO Coupon,NO Coupon,NO Coupon
LP-BLUX,B09V5J5VFD,Available,www.amazon.com/dp/B09V5J5VFD,BioLux Light Therapy Wand,7 days,7 days,7 days,7 days
LP-VZCR-BLK,B092DQ84W3,,www.amazon.com/dp/B092DQ84W3,VizaCure Light Therapy Mask Black, Detail page removed, Detail page removed, Detail page removed, Detail page removed
LP-FLXCN-BLK,B08XKBHHQ9,,www.amazon.com/dp/B08XKBHHQ9,FlexCycle Exercise Bike Black - NEW ASIN,Inactive,Inactive,Inactive,Inactive
-,B08BKWP433,,www.amazon.com/dp/B08BKWP433,DynaFlex Mini Black,Inactive,Inactive,Inactive,Inactive
LP-ACULX-BLU,B08MB39WQ8,,www.amazon.com/dp/B08MB39WQ8,AcuLux Foot Massager,Inactive,Inactive,Inactive,Inactive
LP-AGTM-BLK,B085WB9XG9,,www.amazon.com/dp/B085WB9XG9,Lifepro Agility Ball Mini,Inactive,Inactive,Inactive,Inactive
LP-AGTPLS-BLK,B08SLWYYM7,,www.amazon.com/dp/B08SLWYYM7,Agility Plus Vibrating Ball,Inactive,Inactive,Inactive,Inactive
LP-AXS-BLK,B08S6X1L29,,www.amazon.com/dp/B08S6X1L29,Axis Air Compression Massager, Detail page removed, Detail page removed, Detail page removed, Detail page removed
LP-CHRM-BLU,B08XJTLYMW,,www.amazon.com/dp/B08XJTLYMW,Charm Neck Massager,Inactive,Inactive,Inactive,Inactive
LP-DSHX-BLU,B08YKHYYDC,,www.amazon.com/dp/B08YKHYYDC,Dash X Bike Blue ,Inactive,Inactive,Inactive,Inactive
LP-DYNFXM-BLU,B08BKWSJY2,,www.amazon.com/dp/B08BKWSJY2,DynaFlex Mini Blue,Inactive,Inactive,Inactive,Inactive
LP-DYNM-BLU,B088CVZZS6,,www.amazon.com/dp/B088CVZZS6,DynaMini Portable Percussion Muscle Massager Gun Blue,Inactive,Inactive,Inactive,Inactive
LP-DYNM-SLV,B08C2YRTMM,,www.amazon.com/dp/B08C2YRTMM,DynaMini Portable Percussion Muscle Massager Gun Silver,Inactive,Inactive,Inactive,Inactive
LP-DYNME-BLK,B08RP9LLW6,,www.amazon.com/dp/B08RP9LLW6,Dyna Mini E Massage Gun Black , Detail page removed, Detail page removed, Detail page removed, Detail page removed
LP-DYNME-BLU,B08RP8R7K3,,www.amazon.com/dp/B08RP8R7K3,Dyna Mini E Massage Gun Blue ,Inactive,Inactive,Inactive,Inactive
LP-DYNMX-BLU,B08RP93T3V,,www.amazon.com/dp/B08RP93T3V,DynaMini X Massage Gun,Inactive,Inactive,Inactive,Inactive
LP-DYNS-BLU,B088KV82ML,,www.amazon.com/dp/B088KV82ML,DynaSphere Percussion Muscle Massager Gun Blue,Inactive,Inactive,Inactive,Inactive
LP-DYNS-GRY,B088KSQVMR,,www.amazon.com/dp/B088KSQVMR,DynaSphere Percussion Muscle Massager Gun Grey,Inactive,Inactive,Inactive,Inactive
LP-ELCSTRD,B08C2HR694,,www.amazon.com/dp/B08C2HR694,Electrostride Motorized Treadmill,Inactive,Inactive,Inactive,Inactive
LP-EMBRC-BLK,B08XK9NXJD ,,www.amazon.com/dp/B08XK9NXJD ,Embrace Neck Massager Black,Inactive,Inactive,Inactive,Inactive
LP-EMBRC-BLU,B08XKBMFV1,,www.amazon.com/dp/B08XKBMFV1,Embrace Neck Massager Blue,Inactive,Inactive,Inactive,Inactive
LP-FSN-BLK,B08TBP9JZS,,www.amazon.com/dp/B08TBP9JZS,Lifepro Heated Massage Gun Massager,Inactive,Inactive,Inactive,Inactive
LP-GRC-BLU,B08VD8ZCTL,,www.amazon.com/dp/B08VD8ZCTL,Grace Neck Massager Blue,Inactive,Inactive,Inactive,Inactive
LP-GRC-WHT,B08VDS7W28,,www.amazon.com/dp/B08VDS7W28,Grace Neck Massager White,Inactive,Inactive,Inactive,Inactive
LP-MBLTYPLS-BLU,B08N9X4SK1,,www.amazon.com/dp/B08N9X4SK1,Mobility + Air Compression Leg Massager , Detail page removed, Detail page removed, Detail page removed, Detail page removed
LP-PLSH-BLK,B08VD28TTT,,www.amazon.com/dp/B08VD28TTT,Plush Hand Massager Black,Inactive,Inactive,Inactive,Inactive
LP-PLSH-WHT,B08VDZP33V,,www.amazon.com/dp/B08VDZP33V,Plush Hand Massager White,Inactive,Inactive,Inactive,Inactive
LP-PRL-BLK,B08VD889YV,,www.amazon.com/dp/B08VD889YV,Pearl Hand Massager Black,Inactive,Inactive,Inactive,Inactive
LP-PRL-WHT,B08VDKC1ZD,,www.amazon.com/dp/B08VDKC1ZD,Pearl Hand Massager White,Inactive,Inactive,Inactive,Inactive
LP-PWRFLW1-BLK,B091JFDZWW,,www.amazon.com/dp/B091JFDZWW,PowerFlow 1 pc, Detail page removed, Detail page removed, Detail page removed, Detail page removed
LP-PWRFLW1N-BLK,B09PHTFX6Y,,www.amazon.com/dp/B09PHTFX6Y,LifePro 12.5 lb Adjustable Dumbbell Black,Inactive,Inactive,Inactive,Inactive
LP-PWRFLW2-BLK,B08QNHG9W3,,www.amazon.com/dp/B08QNHG9W3,PowerFlow 2 pcs, Detail page removed, Detail page removed, Detail page removed, Detail page removed
LP-PWRFLWM-BLK,B097TSYXG6,Available,www.amazon.com/dp/B097TSYXG6,Power Flow Max Dumbbell,Inactive,Inactive,Inactive,Inactive
LP-PWRFLWMBB-BLK,B09QXQZCTX,,www.amazon.com/dp/B09QXQZCTX,Power Flow Max,Inactive,Inactive,Inactive,Inactive
LP-PWRNR-BLU,B093TQQQGJ,,www.amazon.com/dp/B093TQQQGJ,PawRunner Pet Treadmill,Inactive,Inactive,Inactive,Inactive
LP-RDTEPLSN,B09KJSZNGX,,www.amazon.com/dp/B09KJSZNGX,Radiate Plus New ASIN,Inactive,Inactive,Inactive,Inactive
LP-RLXCAR-BLK,B08J2H1GSZ,,www.amazon.com/dp/B08J2H1GSZ,RelaxiCare Foot Massager,Inactive,Inactive,Inactive,Inactive
LP-RLXFY-BLK,B08HHV7KYB,,www.amazon.com/dp/B08HHV7KYB,Relaxify Foot Massager,Inactive,Inactive,Inactive,Inactive
LP-RLXT-BLK,B08RJTGQFZ,,www.amazon.com/dp/B08RJTGQFZ,RelaxaTilt Foot Massager Black,Inactive,Inactive,Inactive,Inactive
LP-RVE-BLK,B095X932XG,,www.amazon.com/dp/B095X932XG,Rove Elliptical Machine ,Inactive,Inactive,Inactive,Inactive
LP-SNCPLS-SLV,B08927HJKH,,www.amazon.com/dp/B08927HJKH,Sonic Plus Silver,Inactive,Inactive,Inactive,Inactive
LP-SNCS1-BLK,B08SVTPRLS,,www.amazon.com/dp/B08SVTPRLS,Sonic S1 Massage Gun Black,Inactive,Inactive,Inactive,Inactive
LP-SNCS1-BLU,B08SWCKZHM,,www.amazon.com/dp/B08SWCKZHM,Sonic S1 Massage Gun Blue,Inactive,Inactive,Inactive,Inactive
LP-THHRVPRON,B09PMSSLT8,,www.amazon.com/dp/B09PMSSLT8,Radiate Pro New ASIN,Inactive,Inactive,Inactive,Inactive
LP-TRBBST-BLU,B08VFDB6QY,,www.amazon.com/dp/B08VFDB6QY,Turbo Boost,Inactive,Inactive,Inactive,Inactive
LP-TRBPRS-BLU,B08FBVF8D5,,www.amazon.com/dp/B08FBVF8D5,Turbo Press ,Inactive,Inactive,Inactive,Inactive
LP-TRPCAR-BLK,B08J2D9VJ6,,www.amazon.com/dp/B08J2D9VJ6,TropicCare Steam Foot Massager,Inactive,Inactive,Inactive,Inactive
LP-VITPLS-BLK,B08RF1SZ86,,www.amazon.com/dp/B08RF1SZ86,Vitalize Plus Leg Massager Black,Inactive,Inactive,Inactive,Inactive
LP-VIV-BLU,B084X8W3ZK,,www.amazon.com/dp/B084X8W3ZK,Vivid Vibration Plate Blue,Inactive,Inactive,Inactive,Inactive
LP-VLCYC-BLU,B08YKJ5Y1S,,www.amazon.com/dp/B08YKJ5Y1S,VeloCycle Bike Blue ,OOS,OOS,OOS,OOS
LP-VZGLWPN,B09V5QVJ4L,,www.amazon.com/dp/B09V5QVJ4L,Lifepro Led Face Mask Light Therapy,Inactive,Inactive,Inactive,Inactive
LP-XFLXC-BLU,B08FHRFSM3,,www.amazon.com/dp/B08FHRFSM3,X-FLEXCYCLE,Inactive,Inactive,Inactive,Inactive
LP-XFLXCPLS-BLU,B08FHTQ9J4,,www.amazon.com/dp/B08FHTQ9J4,X-FLEXCYCLE PLUS - OLD,Inactive,Inactive,Inactive,Inactive
LP-XFLXCPRO-BLU,B08FHVL2F1,,www.amazon.com/dp/B08FHVL2F1,X-FLEXCYCLE PRO,Inactive,Inactive,Inactive,Inactive
LPL-RDTEN,B09KJ9HQRP,,www.amazon.com/dp/B09KJ9HQRP,Radiate New ASIN,Inactive,Inactive,Inactive,Inactive
LP-ACUCPRO-BLU,B08J2Y4TXQ,,www.amazon.com/dp/B08J2Y4TXQ,AcuCare Pro Heating + Air Pressure Foot Massager,OOS,OOS,OOS,OOS
LP-FLXSTP-BLU,B09GH731SV,,www.amazon.com/dp/B09GH731SV,Flexstride Pro Under Desk Elliptical Blue,OOS,OOS,OOS,OOS
LP-SNCE-BLK,B08BKZ48RJ,,www.amazon.com/dp/B08BKZ48RJ,SonicE,OOS,OOS,OOS,OOS
LP-VLC2-BLU,B0891XWMHX,Available,www.amazon.com/dp/B0891XWMHX,Velocity Vibrating Ball 2.0 Blue,Pricing error,Pricing error,Pricing error,Pricing error
LP-SNCPLS-BLK,B0891YV6WD,,www.amazon.com/dp/B0891YV6WD,Sonic Plus Black,OOS,OOS,OOS,OOS
LP-VBRCP-BLK,B09P8SNL1R,,www.amazon.com/dp/B09P8SNL1R,VibraCare Plus Foot Massager - Black,NO Coupon,30.00$,30.00$,30.00$
LP-MRVXN-BLU,B09VTBB3N1,,www.amazon.com/dp/B09VTBB3N1,Marvalax Foot Massager ,OOS,OOS,OOS,OOS
LP-PCR-BLK,B09BT6VFH9,,www.amazon.com/dp/B09BT6VFH9,Pacer Motorized Treadmill,200.00$,200.00$,200.00$,200.00$
LP-THRVX,B08BHKP88Q,,www.amazon.com/dp/B08BHKP88Q,Radiate X Compression Sleeve (formerly Thrive X),OOS,OOS,OOS,OOS
LP-WVRENH-BLU,B08HK1CQ4D,,www.amazon.com/dp/B08HK1CQ4D,Waver Enhance,OOS,OOS,OOS,OOS
LP-VLC1-BLU,B07QR7JQL8,,www.amazon.com/dp/B07QR7JQL8,Velocity Vibrating Ball Blue,OOS,OOS,OOS,OOS
LP-ACUCT-BLK,B08VS18Z7F,,www.amazon.com/dp/B08VS18Z7F,AcuCare Tilt Foot Massager,OOS,OOS,OOS,OOS
LP-LMCR-SLV,B095W5PXL6,,www.amazon.com/dp/B095W5PXL6,LumiCure Light Therapy Torch,OOS,OOS,OOS,OOS
LP-RLXT-BLU,B08RJSYRQY,,www.amazon.com/dp/B08RJSYRQY,RelaxaTilt Foot Massager Blue ,OOS,OOS,OOS,OOS
LP-VLC1-BLK,B07LFJMNCV,,www.amazon.com/dp/B07LFJMNCV,Velocity Vibrating Ball Black,OOS,OOS,OOS,OOS
 ,B08P63KZZT,,www.amazon.com/dp/B08P63KZZT,WaverMicro Vibration Plate ,OOS,OOS,OOS,OOS
 ,B097Q46BXG,,www.amazon.com/dp/B097Q46BXG,FlexiMod Massage Tool Black,OOS,OOS,OOS,OOS
LP-DYNFLW-BLK,B08CZGTT8G,,www.amazon.com/dp/B08CZGTT8G,DynaFlow Black ,OOS,OOS,OOS,OOS
LP-DYNL-BLU,B0887916G1,,www.amazon.com/dp/B0887916G1,DynaLife Percussion Muscle Massager Gun Blue,OOS,OOS,OOS,OOS
LP-DYNL-GRY,B0887J4J7H,,www.amazon.com/dp/B0887J4J7H,DynaLife Percussion Muscle Massager Gun Grey,OOS,OOS,OOS,OOS
LP-FLXCPLS-WHT,B08P64TDY8,,www.amazon.com/dp/B08P64TDY8,FlexCycle Exercise Bike White - OLD will not use ,OOS,OOS,OOS,OOS
LP-FLXM-BLU,B093TSWC52,,www.amazon.com/dp/B093TSWC52,FlexiMod Massage Tool Blue,OOS,OOS,OOS,OOS
LP-FLXSTP-GRY,B093QHW8LB,,www.amazon.com/dp/B093QHW8LB,Flexstride Pro Under Desk Elliptical Grey,OOS,OOS,OOS,OOS
LP-FSNFX-BLU,B07VTBRX97,,www.amazon.com/dp/B07VTBRX97,Fusion FX Heated Percussion Massage Gun Blue,OOS,OOS,OOS,OOS
LP-FSNX-BLK,B082BGJJSN,,www.amazon.com/dp/B082BGJJSN,FusionX Heated Massage Gun Black,OOS,OOS,OOS,OOS
LP-PWRFLWPLS1B-BLK, B09YPXXZG6,,www.amazon.com/dp/ B09YPXXZG6,LP-PWRFLWPLS1B-BLK,,,,
LP-RLXTX-BLU,B09JPG958V,,www.amazon.com/dp/B09JPG958V,RelaxaTilt X Foot Massager Blue ,OOS,OOS,OOS,OOS
LP-RLXVB-GRY,B08YM2DFFL,Available,www.amazon.com/dp/B08YM2DFFL,RelaxaVibe Vibration Platform Gray,OOS,OOS,OOS,OOS
LP-SNCM-BLU,B07Y5K9ZXZ,,www.amazon.com/dp/B07Y5K9ZXZ,Sonic Mini Quiet Massage Gun Blue,OOS,OOS,OOS,OOS
LP-SNCM-RED,B07Y5MP84F,,www.amazon.com/dp/B07Y5MP84F,Sonic Mini Quiet Massage Gun Red,OOS,OOS,OOS,OOS
LP-SRGPLS-BLK,B08SLYW41Z,,www.amazon.com/dp/B08SLYW41Z,Surger Plus Vibrating Roller,OOS,OOS,OOS,OOS
LP-SRGRP-BLK,B08QMNDHW2,,www.amazon.com/dp/B08QMNDHW2,Surger Pro Vibrating Foam Roller Black,OOS,OOS,OOS,OOS
LP-SRNT-BLU,B08FHR8DYV,,www.amazon.com/dp/B08FHR8DYV,Serenity Foot Massager ,OOS,OOS,OOS,OOS
LP-VIT-BLK,B08545HWB5,,www.amazon.com/dp/B08545HWB5,Vitalize Leg Machine ,OOS,OOS,OOS,OOS
LP-VIVPRO-BLU,B084WNRJCY,,www.amazon.com/dp/B084WNRJCY,Vivid Pro Vibration Plate Blue,OOS,OOS,OOS,OOS
LP-WVRMP-BLU,B08F3DBDV4,,www.amazon.com/dp/B08F3DBDV4,Waver Mini Press Blue,OOS,OOS,OOS,OOS
LP-WVRP-BLU,B08F3G2D34,,www.amazon.com/dp/B08F3G2D34,Waver Press Blue,OOS,OOS,OOS,OOS
LP/FusionFX/Blk,B08376CTZC,,www.amazon.com/dp/B08376CTZC,Fusion FX Heated Percussion Massage Gun Black,OOS,OOS,OOS,OOS
LP/FusionX/Blu,B082WW26GP,,www.amazon.com/dp/B082WW26GP,FusionX Heated Massage Gun Blue,OOS,OOS,OOS,OOS
LP-TRMLT-BLU,B0B2D38BM8,,www.amazon.com/dp/B0B2D38BM8,TrimLite Vibration Plate Blue,NO Coupon,NO Coupon,NO Coupon,NO Coupon
LP-TRMLT-GRY,B0B2D5TSM2,,www.amazon.com/dp/B0B2D5TSM2,TrimLite Vibration Plate Gray,,,NO Coupon,NO Coupon
LP-ALVGLV-BLK,B09Y9G5QPS,,www.amazon.com/dp/B09Y9G5QPS,AllevaGlove Red Light Hand Therapy,OOS,OOS,OOS,OOS
LP-LMCRP,B0B2D8L61Z ,,www.amazon.com/dp/B0B2D8L61Z ,Lumicure Pro Black,5.00$,5.00$,5.00$,5.00$
LP-VZCRN-BLK,B09Z6Z5KGK,,www.amazon.com/dp/B09Z6Z5KGK,VizaCure Light Therapy Mask Black - New,NO Coupon,NO Coupon,NO Coupon,NO Coupon
LP-VIBPSTR,B0B8G4MPNG,Available,www.amazon.com/dp/B0B8G4MPNG,Vibration Platform Poster,5.00$,5.00$,5.00$,5.00$
LP-INFGRW-WHT,B09WY63268,,www.amazon.com/dp/B09WY63268,InfraGlow Red Light Therapy Lamp White,5.00$,5.00$,5.00$,5.00$
LP-INFGRW,B09V5PVTGF,Available,www.amazon.com/dp/B09V5PVTGF,InfraGlow Red Light Therapy Lamp Black,OOS,OOS,OOS,OOS
LP-PWRFLWPLS1B-BLK,B09FB1D2PT,,www.amazon.com/dp/B09FB1D2PT,PowerFlow Plus 1 pc - backup,OOS,OOS,OOS,OOS
LP-BRMDYR-BLK,B09Y9KK6XL ,,www.amazon.com/dp/B09Y9KK6XL ,BioRemedy Sauna Wrap Regular Black,NO Coupon,10.00$,10.00$,10.00$
LP-BRMDYR-GRY,B09Y9L7FJ8,,www.amazon.com/dp/B09Y9L7FJ8,BioRemedy Sauna Wrap Regular Gray,NO Coupon,10.00$,10.00$,10.00$
LP-BRMDYL-BLK,B09YVCP4KD  ,,www.amazon.com/dp/B09YVCP4KD  ,BioRemedy Sauna Wrap Large Black,NO Coupon,10.00$,10.00$,10.00$
LP-BRMDYL-GRY,B09YVD6B5Q,,www.amazon.com/dp/B09YVD6B5Q,BioRemedy Sauna Wrap Large Gray,NO Coupon,10.00$,10.00$,10.00$
,B09YPXXZG6,,,,,,,